{
    "avg_prec": 0.961343692134125,
    "roc_auc": 0.972415687874727
}