{
    "avg_prec": 0.9014016422240395,
    "roc_auc": 0.9319648794149968
}